LogStreamName,Duration,BilledDuration,MemorySize,MaxMemoryUsed
2024/10/16/[$LATEST]3ce1d173b93343ff9b99bb949380c6b6,434.81 m,435 ms	, 3008 MB,162 MB
2024/10/16/[$LATEST]3ce1d173b93343ff9b99bb949380c6b6,240.60 m,241 ms	, 3008 MB,173 MB
2024/10/16/[$LATEST]3ce1d173b93343ff9b99bb949380c6b6,250.35 m,251 ms	, 3008 MB,173 MB
2024/10/16/[$LATEST]3ce1d173b93343ff9b99bb949380c6b6,235.47 m,236 ms	, 3008 MB,173 MB
2024/10/16/[$LATEST]3ce1d173b93343ff9b99bb949380c6b6,243.12 m,244 ms	, 3008 MB,173 MB
2024/10/16/[$LATEST]3ce1d173b93343ff9b99bb949380c6b6,248.15 m,249 ms	, 3008 MB,173 MB
2024/10/16/[$LATEST]3ce1d173b93343ff9b99bb949380c6b6,238.94 m,239 ms	, 3008 MB,173 MB
2024/10/16/[$LATEST]3ce1d173b93343ff9b99bb949380c6b6,238.33 m,239 ms	, 3008 MB,173 MB
2024/10/16/[$LATEST]3ce1d173b93343ff9b99bb949380c6b6,244.58 m,245 ms	, 3008 MB,173 MB
2024/10/16/[$LATEST]3fe77d3828fa40389f9e29395882ca7d,425.76 m,426 ms	, 2944 MB,162 MB
2024/10/16/[$LATEST]3fe77d3828fa40389f9e29395882ca7d,232.79 m,233 ms	, 2944 MB,173 MB
2024/10/16/[$LATEST]3fe77d3828fa40389f9e29395882ca7d,238.32 m,239 ms	, 2944 MB,173 MB
2024/10/16/[$LATEST]3fe77d3828fa40389f9e29395882ca7d,235.29 m,236 ms	, 2944 MB,173 MB
2024/10/16/[$LATEST]3fe77d3828fa40389f9e29395882ca7d,236.71 m,237 ms	, 2944 MB,173 MB
2024/10/16/[$LATEST]3fe77d3828fa40389f9e29395882ca7d,234.14 m,235 ms	, 2944 MB,173 MB
2024/10/16/[$LATEST]3fe77d3828fa40389f9e29395882ca7d,235.37 m,236 ms	, 2944 MB,173 MB
2024/10/16/[$LATEST]3fe77d3828fa40389f9e29395882ca7d,234.11 m,235 ms	, 2944 MB,173 MB
2024/10/16/[$LATEST]3fe77d3828fa40389f9e29395882ca7d,235.28 m,236 ms	, 2944 MB,173 MB
2024/10/16/[$LATEST]3fe77d3828fa40389f9e29395882ca7d,234.50 m,235 ms	, 2944 MB,173 MB
2024/10/16/[$LATEST]86b06c608c84414d8f5f9af6be7e2287,437.13 m,438 ms	, 2880 MB,162 MB
2024/10/16/[$LATEST]86b06c608c84414d8f5f9af6be7e2287,241.40 m,242 ms	, 2880 MB,173 MB
2024/10/16/[$LATEST]86b06c608c84414d8f5f9af6be7e2287,238.07 m,239 ms	, 2880 MB,173 MB
2024/10/16/[$LATEST]86b06c608c84414d8f5f9af6be7e2287,239.64 m,240 ms	, 2880 MB,173 MB
2024/10/16/[$LATEST]86b06c608c84414d8f5f9af6be7e2287,237.12 m,238 ms	, 2880 MB,173 MB
2024/10/16/[$LATEST]86b06c608c84414d8f5f9af6be7e2287,245.35 m,246 ms	, 2880 MB,173 MB
2024/10/16/[$LATEST]86b06c608c84414d8f5f9af6be7e2287,243.67 m,244 ms	, 2880 MB,173 MB
2024/10/16/[$LATEST]86b06c608c84414d8f5f9af6be7e2287,236.79 m,237 ms	, 2880 MB,173 MB
2024/10/16/[$LATEST]86b06c608c84414d8f5f9af6be7e2287,240.67 m,241 ms	, 2880 MB,173 MB
2024/10/16/[$LATEST]86b06c608c84414d8f5f9af6be7e2287,245.85 m,246 ms	, 2880 MB,173 MB
2024/10/16/[$LATEST]5affb60b52d44dad8647c32cf7c440c1,433.10 m,434 ms	, 2816 MB,162 MB
2024/10/16/[$LATEST]5affb60b52d44dad8647c32cf7c440c1,240.11 m,241 ms	, 2816 MB,173 MB
2024/10/16/[$LATEST]5affb60b52d44dad8647c32cf7c440c1,241.06 m,242 ms	, 2816 MB,173 MB
2024/10/16/[$LATEST]5affb60b52d44dad8647c32cf7c440c1,238.69 m,239 ms	, 2816 MB,173 MB
2024/10/16/[$LATEST]5affb60b52d44dad8647c32cf7c440c1,236.58 m,237 ms	, 2816 MB,173 MB
2024/10/16/[$LATEST]5affb60b52d44dad8647c32cf7c440c1,237.19 m,238 ms	, 2816 MB,173 MB
2024/10/16/[$LATEST]5affb60b52d44dad8647c32cf7c440c1,240.18 m,241 ms	, 2816 MB,173 MB
2024/10/16/[$LATEST]5affb60b52d44dad8647c32cf7c440c1,238.09 m,239 ms	, 2816 MB,173 MB
2024/10/16/[$LATEST]5affb60b52d44dad8647c32cf7c440c1,234.76 m,235 ms	, 2816 MB,173 MB
2024/10/16/[$LATEST]5affb60b52d44dad8647c32cf7c440c1,238.87 m,239 ms	, 2816 MB,173 MB
2024/10/16/[$LATEST]f857b01e4e084d88935198e446629a0e,437.03 m,438 ms	, 2752 MB,162 MB
2024/10/16/[$LATEST]f857b01e4e084d88935198e446629a0e,243.38 m,244 ms	, 2752 MB,173 MB
2024/10/16/[$LATEST]f857b01e4e084d88935198e446629a0e,235.26 m,236 ms	, 2752 MB,173 MB
2024/10/16/[$LATEST]f857b01e4e084d88935198e446629a0e,234.19 m,235 ms	, 2752 MB,173 MB
2024/10/16/[$LATEST]f857b01e4e084d88935198e446629a0e,237.29 m,238 ms	, 2752 MB,173 MB
2024/10/16/[$LATEST]f857b01e4e084d88935198e446629a0e,233.95 m,234 ms	, 2752 MB,173 MB
2024/10/16/[$LATEST]f857b01e4e084d88935198e446629a0e,234.97 m,235 ms	, 2752 MB,173 MB
2024/10/16/[$LATEST]f857b01e4e084d88935198e446629a0e,234.67 m,235 ms	, 2752 MB,173 MB
2024/10/16/[$LATEST]f857b01e4e084d88935198e446629a0e,235.79 m,236 ms	, 2752 MB,173 MB
2024/10/16/[$LATEST]f857b01e4e084d88935198e446629a0e,234.81 m,235 ms	, 2752 MB,173 MB
2024/10/16/[$LATEST]3bbd8b9fa1494bb89cba545b10d0f468,440.59 m,441 ms	, 2688 MB,162 MB
2024/10/16/[$LATEST]3bbd8b9fa1494bb89cba545b10d0f468,239.79 m,240 ms	, 2688 MB,173 MB
2024/10/16/[$LATEST]3bbd8b9fa1494bb89cba545b10d0f468,238.65 m,239 ms	, 2688 MB,173 MB
2024/10/16/[$LATEST]3bbd8b9fa1494bb89cba545b10d0f468,241.53 m,242 ms	, 2688 MB,173 MB
2024/10/16/[$LATEST]3bbd8b9fa1494bb89cba545b10d0f468,241.92 m,242 ms	, 2688 MB,173 MB
2024/10/16/[$LATEST]3bbd8b9fa1494bb89cba545b10d0f468,241.66 m,242 ms	, 2688 MB,173 MB
2024/10/16/[$LATEST]3bbd8b9fa1494bb89cba545b10d0f468,238.14 m,239 ms	, 2688 MB,173 MB
2024/10/16/[$LATEST]3bbd8b9fa1494bb89cba545b10d0f468,239.34 m,240 ms	, 2688 MB,173 MB
2024/10/16/[$LATEST]3bbd8b9fa1494bb89cba545b10d0f468,246.10 m,247 ms	, 2688 MB,173 MB
2024/10/16/[$LATEST]3bbd8b9fa1494bb89cba545b10d0f468,249.17 m,250 ms	, 2688 MB,173 MB
2024/10/16/[$LATEST]8b624f7edf0a484a8304966250a2831b,435.50 m,436 ms	, 2624 MB,162 MB
2024/10/16/[$LATEST]8b624f7edf0a484a8304966250a2831b,239.06 m,240 ms	, 2624 MB,173 MB
2024/10/16/[$LATEST]8b624f7edf0a484a8304966250a2831b,236.83 m,237 ms	, 2624 MB,173 MB
2024/10/16/[$LATEST]8b624f7edf0a484a8304966250a2831b,238.53 m,239 ms	, 2624 MB,173 MB
2024/10/16/[$LATEST]8b624f7edf0a484a8304966250a2831b,247.83 m,248 ms	, 2624 MB,173 MB
2024/10/16/[$LATEST]8b624f7edf0a484a8304966250a2831b,237.24 m,238 ms	, 2624 MB,173 MB
2024/10/16/[$LATEST]8b624f7edf0a484a8304966250a2831b,236.59 m,237 ms	, 2624 MB,173 MB
2024/10/16/[$LATEST]8b624f7edf0a484a8304966250a2831b,237.84 m,238 ms	, 2624 MB,173 MB
2024/10/16/[$LATEST]8b624f7edf0a484a8304966250a2831b,242.76 m,243 ms	, 2624 MB,173 MB
2024/10/16/[$LATEST]8b624f7edf0a484a8304966250a2831b,253.38 m,254 ms	, 2624 MB,173 MB
2024/10/16/[$LATEST]2e011d3c23204d0b8ff5b1a382fe54cf,432.04 m,433 ms	, 2560 MB,163 MB
2024/10/16/[$LATEST]2e011d3c23204d0b8ff5b1a382fe54cf,233.25 m,234 ms	, 2560 MB,173 MB
2024/10/16/[$LATEST]2e011d3c23204d0b8ff5b1a382fe54cf,236.42 m,237 ms	, 2560 MB,173 MB
2024/10/16/[$LATEST]2e011d3c23204d0b8ff5b1a382fe54cf,235.03 m,236 ms	, 2560 MB,173 MB
2024/10/16/[$LATEST]2e011d3c23204d0b8ff5b1a382fe54cf,234.06 m,235 ms	, 2560 MB,173 MB
2024/10/16/[$LATEST]2e011d3c23204d0b8ff5b1a382fe54cf,233.37 m,234 ms	, 2560 MB,173 MB
2024/10/16/[$LATEST]2e011d3c23204d0b8ff5b1a382fe54cf,232.85 m,233 ms	, 2560 MB,173 MB
2024/10/16/[$LATEST]2e011d3c23204d0b8ff5b1a382fe54cf,233.98 m,234 ms	, 2560 MB,173 MB
2024/10/16/[$LATEST]2e011d3c23204d0b8ff5b1a382fe54cf,233.12 m,234 ms	, 2560 MB,173 MB
2024/10/16/[$LATEST]c9d554d14c1a4e01b4d0e458fbb6c6e1,462.51 m,463 ms	, 2496 MB,162 MB
2024/10/16/[$LATEST]c9d554d14c1a4e01b4d0e458fbb6c6e1,236.51 m,237 ms	, 2496 MB,173 MB
2024/10/16/[$LATEST]c9d554d14c1a4e01b4d0e458fbb6c6e1,240.97 m,241 ms	, 2496 MB,173 MB
2024/10/16/[$LATEST]c9d554d14c1a4e01b4d0e458fbb6c6e1,242.02 m,243 ms	, 2496 MB,173 MB
2024/10/16/[$LATEST]c9d554d14c1a4e01b4d0e458fbb6c6e1,238.04 m,239 ms	, 2496 MB,173 MB
2024/10/16/[$LATEST]c9d554d14c1a4e01b4d0e458fbb6c6e1,239.51 m,240 ms	, 2496 MB,173 MB
2024/10/16/[$LATEST]c9d554d14c1a4e01b4d0e458fbb6c6e1,240.10 m,241 ms	, 2496 MB,173 MB
2024/10/16/[$LATEST]c9d554d14c1a4e01b4d0e458fbb6c6e1,254.68 m,255 ms	, 2496 MB,173 MB
2024/10/16/[$LATEST]c9d554d14c1a4e01b4d0e458fbb6c6e1,246.85 m,247 ms	, 2496 MB,173 MB
2024/10/16/[$LATEST]c9d554d14c1a4e01b4d0e458fbb6c6e1,247.29 m,248 ms	, 2496 MB,173 MB
2024/10/16/[$LATEST]c9d554d14c1a4e01b4d0e458fbb6c6e1,260.98 m,261 ms	, 2496 MB,173 MB
2024/10/16/[$LATEST]d4dda7c4f18d463a9e9c6e54f2df8180,429.48 m,430 ms	, 2432 MB,162 MB
2024/10/16/[$LATEST]d4dda7c4f18d463a9e9c6e54f2df8180,235.73 m,236 ms	, 2432 MB,173 MB
2024/10/16/[$LATEST]d4dda7c4f18d463a9e9c6e54f2df8180,234.41 m,235 ms	, 2432 MB,173 MB
2024/10/16/[$LATEST]d4dda7c4f18d463a9e9c6e54f2df8180,236.64 m,237 ms	, 2432 MB,173 MB
2024/10/16/[$LATEST]d4dda7c4f18d463a9e9c6e54f2df8180,235.24 m,236 ms	, 2432 MB,173 MB
2024/10/16/[$LATEST]d4dda7c4f18d463a9e9c6e54f2df8180,237.17 m,238 ms	, 2432 MB,173 MB
2024/10/16/[$LATEST]d4dda7c4f18d463a9e9c6e54f2df8180,257.25 m,258 ms	, 2432 MB,173 MB
2024/10/16/[$LATEST]d4dda7c4f18d463a9e9c6e54f2df8180,233.40 m,234 ms	, 2432 MB,173 MB
2024/10/16/[$LATEST]d4dda7c4f18d463a9e9c6e54f2df8180,234.16 m,235 ms	, 2432 MB,173 MB
2024/10/16/[$LATEST]d4dda7c4f18d463a9e9c6e54f2df8180,238.82 m,239 ms	, 2432 MB,173 MB
2024/10/16/[$LATEST]d02dca479e7a4119baa9d9fd2807be5e,435.38 m,436 ms	, 2368 MB,162 MB
2024/10/16/[$LATEST]d02dca479e7a4119baa9d9fd2807be5e,234.56 m,235 ms	, 2368 MB,173 MB
2024/10/16/[$LATEST]d02dca479e7a4119baa9d9fd2807be5e,237.29 m,238 ms	, 2368 MB,173 MB
2024/10/16/[$LATEST]d02dca479e7a4119baa9d9fd2807be5e,234.38 m,235 ms	, 2368 MB,173 MB
2024/10/16/[$LATEST]d02dca479e7a4119baa9d9fd2807be5e,236.49 m,237 ms	, 2368 MB,173 MB
2024/10/16/[$LATEST]d02dca479e7a4119baa9d9fd2807be5e,234.43 m,235 ms	, 2368 MB,173 MB
2024/10/16/[$LATEST]d02dca479e7a4119baa9d9fd2807be5e,233.96 m,234 ms	, 2368 MB,173 MB
2024/10/16/[$LATEST]d02dca479e7a4119baa9d9fd2807be5e,235.18 m,236 ms	, 2368 MB,173 MB
2024/10/16/[$LATEST]d02dca479e7a4119baa9d9fd2807be5e,234.39 m,235 ms	, 2368 MB,173 MB
2024/10/16/[$LATEST]d02dca479e7a4119baa9d9fd2807be5e,233.86 m,234 ms	, 2368 MB,173 MB
2024/10/16/[$LATEST]bb3b268d4e674a4a98160491de33bce2,432.69 m,433 ms	, 2304 MB,162 MB
2024/10/16/[$LATEST]bb3b268d4e674a4a98160491de33bce2,233.09 m,234 ms	, 2304 MB,173 MB
2024/10/16/[$LATEST]bb3b268d4e674a4a98160491de33bce2,238.53 m,239 ms	, 2304 MB,173 MB
2024/10/16/[$LATEST]bb3b268d4e674a4a98160491de33bce2,236.72 m,237 ms	, 2304 MB,173 MB
2024/10/16/[$LATEST]bb3b268d4e674a4a98160491de33bce2,233.30 m,234 ms	, 2304 MB,173 MB
2024/10/16/[$LATEST]bb3b268d4e674a4a98160491de33bce2,233.62 m,234 ms	, 2304 MB,173 MB
2024/10/16/[$LATEST]bb3b268d4e674a4a98160491de33bce2,239.03 m,240 ms	, 2304 MB,173 MB
2024/10/16/[$LATEST]bb3b268d4e674a4a98160491de33bce2,235.82 m,236 ms	, 2304 MB,173 MB
2024/10/16/[$LATEST]bb3b268d4e674a4a98160491de33bce2,236.30 m,237 ms	, 2304 MB,173 MB
2024/10/16/[$LATEST]bb3b268d4e674a4a98160491de33bce2,234.65 m,235 ms	, 2304 MB,173 MB
2024/10/16/[$LATEST]7ec1cfee2aab450baf426a7f87b3c07c,431.52 m,432 ms	, 2240 MB,162 MB
2024/10/16/[$LATEST]7ec1cfee2aab450baf426a7f87b3c07c,236.21 m,237 ms	, 2240 MB,173 MB
2024/10/16/[$LATEST]7ec1cfee2aab450baf426a7f87b3c07c,237.23 m,238 ms	, 2240 MB,173 MB
2024/10/16/[$LATEST]7ec1cfee2aab450baf426a7f87b3c07c,235.92 m,236 ms	, 2240 MB,173 MB
2024/10/16/[$LATEST]7ec1cfee2aab450baf426a7f87b3c07c,235.55 m,236 ms	, 2240 MB,173 MB
2024/10/16/[$LATEST]7ec1cfee2aab450baf426a7f87b3c07c,237.11 m,238 ms	, 2240 MB,173 MB
2024/10/16/[$LATEST]7ec1cfee2aab450baf426a7f87b3c07c,235.57 m,236 ms	, 2240 MB,173 MB
2024/10/16/[$LATEST]7ec1cfee2aab450baf426a7f87b3c07c,237.67 m,238 ms	, 2240 MB,173 MB
2024/10/16/[$LATEST]7ec1cfee2aab450baf426a7f87b3c07c,237.31 m,238 ms	, 2240 MB,173 MB
2024/10/16/[$LATEST]7ec1cfee2aab450baf426a7f87b3c07c,234.98 m,235 ms	, 2240 MB,173 MB
2024/10/16/[$LATEST]e663e17fc1644b4fb52913df0a11a532,450.13 m,451 ms	, 2176 MB,162 MB
2024/10/16/[$LATEST]e663e17fc1644b4fb52913df0a11a532,240.71 m,241 ms	, 2176 MB,173 MB
2024/10/16/[$LATEST]e663e17fc1644b4fb52913df0a11a532,241.11 m,242 ms	, 2176 MB,173 MB
2024/10/16/[$LATEST]e663e17fc1644b4fb52913df0a11a532,240.61 m,241 ms	, 2176 MB,173 MB
2024/10/16/[$LATEST]e663e17fc1644b4fb52913df0a11a532,237.91 m,238 ms	, 2176 MB,173 MB
2024/10/16/[$LATEST]e663e17fc1644b4fb52913df0a11a532,238.28 m,239 ms	, 2176 MB,173 MB
2024/10/16/[$LATEST]e663e17fc1644b4fb52913df0a11a532,242.10 m,243 ms	, 2176 MB,173 MB
2024/10/16/[$LATEST]e663e17fc1644b4fb52913df0a11a532,243.63 m,244 ms	, 2176 MB,173 MB
2024/10/16/[$LATEST]e663e17fc1644b4fb52913df0a11a532,243.50 m,244 ms	, 2176 MB,173 MB
2024/10/16/[$LATEST]e663e17fc1644b4fb52913df0a11a532,243.02 m,244 ms	, 2176 MB,173 MB
2024/10/16/[$LATEST]06682c87ad6346619bfaf3e0af0b55c8,426.79 m,427 ms	, 2112 MB,162 MB
2024/10/16/[$LATEST]06682c87ad6346619bfaf3e0af0b55c8,238.52 m,239 ms	, 2112 MB,173 MB
2024/10/16/[$LATEST]06682c87ad6346619bfaf3e0af0b55c8,233.90 m,234 ms	, 2112 MB,173 MB
2024/10/16/[$LATEST]06682c87ad6346619bfaf3e0af0b55c8,237.61 m,238 ms	, 2112 MB,173 MB
2024/10/16/[$LATEST]06682c87ad6346619bfaf3e0af0b55c8,233.79 m,234 ms	, 2112 MB,173 MB
2024/10/16/[$LATEST]06682c87ad6346619bfaf3e0af0b55c8,234.16 m,235 ms	, 2112 MB,173 MB
2024/10/16/[$LATEST]06682c87ad6346619bfaf3e0af0b55c8,234.47 m,235 ms	, 2112 MB,173 MB
2024/10/16/[$LATEST]06682c87ad6346619bfaf3e0af0b55c8,235.84 m,236 ms	, 2112 MB,173 MB
2024/10/16/[$LATEST]06682c87ad6346619bfaf3e0af0b55c8,235.14 m,236 ms	, 2112 MB,173 MB
2024/10/16/[$LATEST]06682c87ad6346619bfaf3e0af0b55c8,234.16 m,235 ms	, 2112 MB,173 MB
2024/10/16/[$LATEST]ceb4e61223f647989add990c4ced32a7,429.64 m,430 ms	, 2048 MB,162 MB
2024/10/16/[$LATEST]ceb4e61223f647989add990c4ced32a7,238.50 m,239 ms	, 2048 MB,173 MB
2024/10/16/[$LATEST]ceb4e61223f647989add990c4ced32a7,239.40 m,240 ms	, 2048 MB,173 MB
2024/10/16/[$LATEST]ceb4e61223f647989add990c4ced32a7,236.90 m,237 ms	, 2048 MB,173 MB
2024/10/16/[$LATEST]ceb4e61223f647989add990c4ced32a7,237.70 m,238 ms	, 2048 MB,173 MB
2024/10/16/[$LATEST]ceb4e61223f647989add990c4ced32a7,238.10 m,239 ms	, 2048 MB,173 MB
2024/10/16/[$LATEST]ceb4e61223f647989add990c4ced32a7,240.30 m,241 ms	, 2048 MB,173 MB
2024/10/16/[$LATEST]ceb4e61223f647989add990c4ced32a7,237.99 m,238 ms	, 2048 MB,173 MB
2024/10/16/[$LATEST]ceb4e61223f647989add990c4ced32a7,242.07 m,243 ms	, 2048 MB,173 MB
2024/10/16/[$LATEST]ceb4e61223f647989add990c4ced32a7,236.50 m,237 ms	, 2048 MB,173 MB
2024/10/16/[$LATEST]9d784380e09b487c8d1aac5651889e15,430.63 m,431 ms	, 1984 MB,162 MB
2024/10/16/[$LATEST]9d784380e09b487c8d1aac5651889e15,233.98 m,234 ms	, 1984 MB,173 MB
2024/10/16/[$LATEST]9d784380e09b487c8d1aac5651889e15,238.09 m,239 ms	, 1984 MB,173 MB
2024/10/16/[$LATEST]9d784380e09b487c8d1aac5651889e15,234.20 m,235 ms	, 1984 MB,173 MB
2024/10/16/[$LATEST]9d784380e09b487c8d1aac5651889e15,234.24 m,235 ms	, 1984 MB,173 MB
2024/10/16/[$LATEST]9d784380e09b487c8d1aac5651889e15,236.46 m,237 ms	, 1984 MB,173 MB
2024/10/16/[$LATEST]9d784380e09b487c8d1aac5651889e15,234.78 m,235 ms	, 1984 MB,173 MB
2024/10/16/[$LATEST]9d784380e09b487c8d1aac5651889e15,235.11 m,236 ms	, 1984 MB,173 MB
2024/10/16/[$LATEST]9d784380e09b487c8d1aac5651889e15,236.50 m,237 ms	, 1984 MB,173 MB
2024/10/16/[$LATEST]9d784380e09b487c8d1aac5651889e15,235.28 m,236 ms	, 1984 MB,173 MB
2024/10/16/[$LATEST]14bae99b7c8d4535b9366adee5217cfb,435.41 m,436 ms	, 1920 MB,162 MB
2024/10/16/[$LATEST]14bae99b7c8d4535b9366adee5217cfb,236.78 m,237 ms	, 1920 MB,173 MB
2024/10/16/[$LATEST]14bae99b7c8d4535b9366adee5217cfb,240.99 m,241 ms	, 1920 MB,173 MB
2024/10/16/[$LATEST]14bae99b7c8d4535b9366adee5217cfb,239.32 m,240 ms	, 1920 MB,173 MB
2024/10/16/[$LATEST]14bae99b7c8d4535b9366adee5217cfb,243.38 m,244 ms	, 1920 MB,173 MB
2024/10/16/[$LATEST]14bae99b7c8d4535b9366adee5217cfb,237.21 m,238 ms	, 1920 MB,173 MB
2024/10/16/[$LATEST]14bae99b7c8d4535b9366adee5217cfb,234.24 m,235 ms	, 1920 MB,173 MB
2024/10/16/[$LATEST]14bae99b7c8d4535b9366adee5217cfb,237.05 m,238 ms	, 1920 MB,173 MB
2024/10/16/[$LATEST]14bae99b7c8d4535b9366adee5217cfb,235.43 m,236 ms	, 1920 MB,173 MB
2024/10/16/[$LATEST]14bae99b7c8d4535b9366adee5217cfb,240.52 m,241 ms	, 1920 MB,173 MB
2024/10/16/[$LATEST]b9c93fa4291b4a689d89076d99145fbf,444.31 m,445 ms	, 1856 MB,163 MB
2024/10/16/[$LATEST]b9c93fa4291b4a689d89076d99145fbf,239.69 m,240 ms	, 1856 MB,173 MB
2024/10/16/[$LATEST]b9c93fa4291b4a689d89076d99145fbf,243.69 m,244 ms	, 1856 MB,173 MB
2024/10/16/[$LATEST]b9c93fa4291b4a689d89076d99145fbf,240.44 m,241 ms	, 1856 MB,173 MB
2024/10/16/[$LATEST]b9c93fa4291b4a689d89076d99145fbf,238.26 m,239 ms	, 1856 MB,173 MB
2024/10/16/[$LATEST]b9c93fa4291b4a689d89076d99145fbf,241.84 m,242 ms	, 1856 MB,173 MB
2024/10/16/[$LATEST]b9c93fa4291b4a689d89076d99145fbf,241.94 m,242 ms	, 1856 MB,173 MB
2024/10/16/[$LATEST]b9c93fa4291b4a689d89076d99145fbf,238.86 m,239 ms	, 1856 MB,173 MB
2024/10/16/[$LATEST]b9c93fa4291b4a689d89076d99145fbf,238.90 m,239 ms	, 1856 MB,173 MB
2024/10/16/[$LATEST]b9c93fa4291b4a689d89076d99145fbf,242.88 m,243 ms	, 1856 MB,173 MB
2024/10/16/[$LATEST]ac80cf88e9f14d878d8c3c59f65a40aa,430.10 m,431 ms	, 1792 MB,162 MB
2024/10/16/[$LATEST]ac80cf88e9f14d878d8c3c59f65a40aa,236.38 m,237 ms	, 1792 MB,173 MB
2024/10/16/[$LATEST]ac80cf88e9f14d878d8c3c59f65a40aa,239.26 m,240 ms	, 1792 MB,173 MB
2024/10/16/[$LATEST]ac80cf88e9f14d878d8c3c59f65a40aa,235.62 m,236 ms	, 1792 MB,173 MB
2024/10/16/[$LATEST]ac80cf88e9f14d878d8c3c59f65a40aa,242.17 m,243 ms	, 1792 MB,173 MB
2024/10/16/[$LATEST]ac80cf88e9f14d878d8c3c59f65a40aa,240.49 m,241 ms	, 1792 MB,173 MB
2024/10/16/[$LATEST]ac80cf88e9f14d878d8c3c59f65a40aa,242.01 m,243 ms	, 1792 MB,173 MB
2024/10/16/[$LATEST]ac80cf88e9f14d878d8c3c59f65a40aa,244.56 m,245 ms	, 1792 MB,173 MB
2024/10/16/[$LATEST]ac80cf88e9f14d878d8c3c59f65a40aa,241.20 m,242 ms	, 1792 MB,173 MB
2024/10/16/[$LATEST]ac80cf88e9f14d878d8c3c59f65a40aa,239.08 m,240 ms	, 1792 MB,173 MB
2024/10/16/[$LATEST]b06a6fd8ab5e41528e791d46cb7df366,475.14 m,476 ms	, 1728 MB,162 MB
2024/10/16/[$LATEST]b06a6fd8ab5e41528e791d46cb7df366,257.42 m,258 ms	, 1728 MB,173 MB
2024/10/16/[$LATEST]b06a6fd8ab5e41528e791d46cb7df366,246.81 m,247 ms	, 1728 MB,173 MB
2024/10/16/[$LATEST]b06a6fd8ab5e41528e791d46cb7df366,245.92 m,246 ms	, 1728 MB,173 MB
2024/10/16/[$LATEST]b06a6fd8ab5e41528e791d46cb7df366,239.09 m,240 ms	, 1728 MB,173 MB
2024/10/16/[$LATEST]b06a6fd8ab5e41528e791d46cb7df366,241.17 m,242 ms	, 1728 MB,173 MB
2024/10/16/[$LATEST]b06a6fd8ab5e41528e791d46cb7df366,241.68 m,242 ms	, 1728 MB,173 MB
2024/10/16/[$LATEST]b06a6fd8ab5e41528e791d46cb7df366,257.65 m,258 ms	, 1728 MB,173 MB
2024/10/16/[$LATEST]b06a6fd8ab5e41528e791d46cb7df366,242.42 m,243 ms	, 1728 MB,173 MB
2024/10/16/[$LATEST]b06a6fd8ab5e41528e791d46cb7df366,241.56 m,242 ms	, 1728 MB,173 MB
2024/10/16/[$LATEST]820c44a5c1784dafaf693229eae94802,470.02 m,471 ms	, 1664 MB,162 MB
2024/10/16/[$LATEST]820c44a5c1784dafaf693229eae94802,263.68 m,264 ms	, 1664 MB,173 MB
2024/10/16/[$LATEST]820c44a5c1784dafaf693229eae94802,262.41 m,263 ms	, 1664 MB,173 MB
2024/10/16/[$LATEST]820c44a5c1784dafaf693229eae94802,253.74 m,254 ms	, 1664 MB,173 MB
2024/10/16/[$LATEST]820c44a5c1784dafaf693229eae94802,279.65 m,280 ms	, 1664 MB,173 MB
2024/10/16/[$LATEST]820c44a5c1784dafaf693229eae94802,252.17 m,253 ms	, 1664 MB,173 MB
2024/10/16/[$LATEST]820c44a5c1784dafaf693229eae94802,263.37 m,264 ms	, 1664 MB,173 MB
2024/10/16/[$LATEST]820c44a5c1784dafaf693229eae94802,266.62 m,267 ms	, 1664 MB,173 MB
2024/10/16/[$LATEST]820c44a5c1784dafaf693229eae94802,255.65 m,256 ms	, 1664 MB,173 MB
2024/10/16/[$LATEST]820c44a5c1784dafaf693229eae94802,261.70 m,262 ms	, 1664 MB,173 MB
2024/10/16/[$LATEST]37e06a8af0ea43d5aecbea223eca1df0,466.19 m,467 ms	, 1600 MB,162 MB
2024/10/16/[$LATEST]37e06a8af0ea43d5aecbea223eca1df0,257.53 m,258 ms	, 1600 MB,173 MB
2024/10/16/[$LATEST]37e06a8af0ea43d5aecbea223eca1df0,262.60 m,263 ms	, 1600 MB,173 MB
2024/10/16/[$LATEST]37e06a8af0ea43d5aecbea223eca1df0,257.19 m,258 ms	, 1600 MB,173 MB
2024/10/16/[$LATEST]37e06a8af0ea43d5aecbea223eca1df0,256.61 m,257 ms	, 1600 MB,173 MB
2024/10/16/[$LATEST]37e06a8af0ea43d5aecbea223eca1df0,255.95 m,256 ms	, 1600 MB,173 MB
2024/10/16/[$LATEST]37e06a8af0ea43d5aecbea223eca1df0,259.48 m,260 ms	, 1600 MB,173 MB
2024/10/16/[$LATEST]37e06a8af0ea43d5aecbea223eca1df0,262.65 m,263 ms	, 1600 MB,173 MB
2024/10/16/[$LATEST]37e06a8af0ea43d5aecbea223eca1df0,259.91 m,260 ms	, 1600 MB,173 MB
2024/10/16/[$LATEST]37e06a8af0ea43d5aecbea223eca1df0,261.99 m,262 ms	, 1600 MB,173 MB
2024/10/16/[$LATEST]818f78f1a62d455a8c9811b400cd602b,495.79 m,496 ms	, 1536 MB,163 MB
2024/10/16/[$LATEST]818f78f1a62d455a8c9811b400cd602b,271.08 m,272 ms	, 1536 MB,173 MB
2024/10/16/[$LATEST]818f78f1a62d455a8c9811b400cd602b,272.24 m,273 ms	, 1536 MB,173 MB
2024/10/16/[$LATEST]818f78f1a62d455a8c9811b400cd602b,267.23 m,268 ms	, 1536 MB,173 MB
2024/10/16/[$LATEST]818f78f1a62d455a8c9811b400cd602b,273.96 m,274 ms	, 1536 MB,173 MB
2024/10/16/[$LATEST]818f78f1a62d455a8c9811b400cd602b,267.38 m,268 ms	, 1536 MB,173 MB
2024/10/16/[$LATEST]818f78f1a62d455a8c9811b400cd602b,274.70 m,275 ms	, 1536 MB,173 MB
2024/10/16/[$LATEST]818f78f1a62d455a8c9811b400cd602b,265.47 m,266 ms	, 1536 MB,173 MB
2024/10/16/[$LATEST]818f78f1a62d455a8c9811b400cd602b,269.08 m,270 ms	, 1536 MB,173 MB
2024/10/16/[$LATEST]818f78f1a62d455a8c9811b400cd602b,269.23 m,270 ms	, 1536 MB,173 MB
2024/10/16/[$LATEST]c1de3d512bea4c7aa82d1a54ce0c4227,529.21 m,530 ms	, 1472 MB,162 MB
2024/10/16/[$LATEST]c1de3d512bea4c7aa82d1a54ce0c4227,277.54 m,278 ms	, 1472 MB,173 MB
2024/10/16/[$LATEST]c1de3d512bea4c7aa82d1a54ce0c4227,279.48 m,280 ms	, 1472 MB,173 MB
2024/10/16/[$LATEST]c1de3d512bea4c7aa82d1a54ce0c4227,286.81 m,287 ms	, 1472 MB,173 MB
2024/10/16/[$LATEST]c1de3d512bea4c7aa82d1a54ce0c4227,280.44 m,281 ms	, 1472 MB,173 MB
2024/10/16/[$LATEST]c1de3d512bea4c7aa82d1a54ce0c4227,276.68 m,277 ms	, 1472 MB,173 MB
2024/10/16/[$LATEST]c1de3d512bea4c7aa82d1a54ce0c4227,283.67 m,284 ms	, 1472 MB,173 MB
2024/10/16/[$LATEST]c1de3d512bea4c7aa82d1a54ce0c4227,286.38 m,287 ms	, 1472 MB,173 MB
2024/10/16/[$LATEST]c1de3d512bea4c7aa82d1a54ce0c4227,281.08 m,282 ms	, 1472 MB,173 MB
2024/10/16/[$LATEST]2c90cafd8db54acab6196b6c6637ae27,541.06 m,542 ms	, 1408 MB,163 MB
2024/10/16/[$LATEST]2c90cafd8db54acab6196b6c6637ae27,291.29 m,292 ms	, 1408 MB,173 MB
2024/10/16/[$LATEST]2c90cafd8db54acab6196b6c6637ae27,306.80 m,307 ms	, 1408 MB,173 MB
2024/10/16/[$LATEST]2c90cafd8db54acab6196b6c6637ae27,320.50 m,321 ms	, 1408 MB,173 MB
2024/10/16/[$LATEST]2c90cafd8db54acab6196b6c6637ae27,299.10 m,300 ms	, 1408 MB,173 MB
2024/10/16/[$LATEST]2c90cafd8db54acab6196b6c6637ae27,303.82 m,304 ms	, 1408 MB,173 MB
2024/10/16/[$LATEST]2c90cafd8db54acab6196b6c6637ae27,307.10 m,308 ms	, 1408 MB,173 MB
2024/10/16/[$LATEST]2c90cafd8db54acab6196b6c6637ae27,313.45 m,314 ms	, 1408 MB,173 MB
2024/10/16/[$LATEST]2c90cafd8db54acab6196b6c6637ae27,301.69 m,302 ms	, 1408 MB,173 MB
2024/10/16/[$LATEST]2c90cafd8db54acab6196b6c6637ae27,299.03 m,300 ms	, 1408 MB,173 MB
2024/10/16/[$LATEST]2c90cafd8db54acab6196b6c6637ae27,298.23 m,299 ms	, 1408 MB,173 MB
2024/10/16/[$LATEST]f82188c6edde48daa94608066cc6eab8,547.39 m,548 ms	, 1344 MB,162 MB
2024/10/16/[$LATEST]f82188c6edde48daa94608066cc6eab8,337.49 m,338 ms	, 1344 MB,173 MB
2024/10/16/[$LATEST]f82188c6edde48daa94608066cc6eab8,312.89 m,313 ms	, 1344 MB,173 MB
2024/10/16/[$LATEST]f82188c6edde48daa94608066cc6eab8,303.74 m,304 ms	, 1344 MB,173 MB
2024/10/16/[$LATEST]f82188c6edde48daa94608066cc6eab8,310.28 m,311 ms	, 1344 MB,173 MB
2024/10/16/[$LATEST]f82188c6edde48daa94608066cc6eab8,312.34 m,313 ms	, 1344 MB,173 MB
2024/10/16/[$LATEST]f82188c6edde48daa94608066cc6eab8,306.80 m,307 ms	, 1344 MB,173 MB
2024/10/16/[$LATEST]f82188c6edde48daa94608066cc6eab8,304.17 m,305 ms	, 1344 MB,173 MB
2024/10/16/[$LATEST]f82188c6edde48daa94608066cc6eab8,303.26 m,304 ms	, 1344 MB,173 MB
2024/10/16/[$LATEST]4955316030aa44619389344c04c22433,575.24 m,576 ms	, 1280 MB,162 MB
2024/10/16/[$LATEST]4955316030aa44619389344c04c22433,320.39 m,321 ms	, 1280 MB,173 MB
2024/10/16/[$LATEST]4955316030aa44619389344c04c22433,327.87 m,328 ms	, 1280 MB,173 MB
2024/10/16/[$LATEST]4955316030aa44619389344c04c22433,320.49 m,321 ms	, 1280 MB,173 MB
2024/10/16/[$LATEST]4955316030aa44619389344c04c22433,319.61 m,320 ms	, 1280 MB,173 MB
2024/10/16/[$LATEST]4955316030aa44619389344c04c22433,321.45 m,322 ms	, 1280 MB,173 MB
2024/10/16/[$LATEST]4955316030aa44619389344c04c22433,321.82 m,322 ms	, 1280 MB,173 MB
2024/10/16/[$LATEST]4955316030aa44619389344c04c22433,326.59 m,327 ms	, 1280 MB,173 MB
2024/10/16/[$LATEST]4955316030aa44619389344c04c22433,321.79 m,322 ms	, 1280 MB,173 MB
2024/10/16/[$LATEST]4955316030aa44619389344c04c22433,325.42 m,326 ms	, 1280 MB,173 MB
2024/10/16/[$LATEST]4955316030aa44619389344c04c22433,322.80 m,323 ms	, 1280 MB,173 MB
2024/10/16/[$LATEST]d8535399c4584565ad0cead50eeb0b0e,607.16 m,608 ms	, 1216 MB,162 MB
2024/10/16/[$LATEST]d8535399c4584565ad0cead50eeb0b0e,341.03 m,342 ms	, 1216 MB,173 MB
2024/10/16/[$LATEST]d8535399c4584565ad0cead50eeb0b0e,339.57 m,340 ms	, 1216 MB,173 MB
2024/10/16/[$LATEST]d8535399c4584565ad0cead50eeb0b0e,342.44 m,343 ms	, 1216 MB,173 MB
2024/10/16/[$LATEST]d8535399c4584565ad0cead50eeb0b0e,338.04 m,339 ms	, 1216 MB,173 MB
2024/10/16/[$LATEST]d8535399c4584565ad0cead50eeb0b0e,337.22 m,338 ms	, 1216 MB,173 MB
2024/10/16/[$LATEST]d8535399c4584565ad0cead50eeb0b0e,338.83 m,339 ms	, 1216 MB,173 MB
2024/10/16/[$LATEST]d8535399c4584565ad0cead50eeb0b0e,339.85 m,340 ms	, 1216 MB,173 MB
2024/10/16/[$LATEST]d8535399c4584565ad0cead50eeb0b0e,336.80 m,337 ms	, 1216 MB,173 MB
2024/10/16/[$LATEST]04fe809f731c41eeb90c128036c44384,614.21 m,615 ms	, 1152 MB,162 MB
2024/10/16/[$LATEST]04fe809f731c41eeb90c128036c44384,346.07 m,347 ms	, 1152 MB,173 MB
2024/10/16/[$LATEST]04fe809f731c41eeb90c128036c44384,349.49 m,350 ms	, 1152 MB,173 MB
2024/10/16/[$LATEST]04fe809f731c41eeb90c128036c44384,343.77 m,344 ms	, 1152 MB,173 MB
2024/10/16/[$LATEST]04fe809f731c41eeb90c128036c44384,336.02 m,337 ms	, 1152 MB,173 MB
2024/10/16/[$LATEST]04fe809f731c41eeb90c128036c44384,347.98 m,348 ms	, 1152 MB,173 MB
2024/10/16/[$LATEST]04fe809f731c41eeb90c128036c44384,335.37 m,336 ms	, 1152 MB,173 MB
2024/10/16/[$LATEST]04fe809f731c41eeb90c128036c44384,343.87 m,344 ms	, 1152 MB,173 MB
2024/10/16/[$LATEST]04fe809f731c41eeb90c128036c44384,339.46 m,340 ms	, 1152 MB,173 MB
2024/10/16/[$LATEST]04fe809f731c41eeb90c128036c44384,348.88 m,349 ms	, 1152 MB,173 MB
2024/10/16/[$LATEST]04fe809f731c41eeb90c128036c44384,340.94 m,341 ms	, 1152 MB,173 MB
2024/10/16/[$LATEST]0acf4bf1820947d48222d61b77fa02e9,691.37 m,692 ms	, 1088 MB,163 MB
2024/10/16/[$LATEST]0acf4bf1820947d48222d61b77fa02e9,377.93 m,378 ms	, 1088 MB,173 MB
2024/10/16/[$LATEST]0acf4bf1820947d48222d61b77fa02e9,388.27 m,389 ms	, 1088 MB,173 MB
2024/10/16/[$LATEST]0acf4bf1820947d48222d61b77fa02e9,386.02 m,387 ms	, 1088 MB,173 MB
2024/10/16/[$LATEST]0acf4bf1820947d48222d61b77fa02e9,380.18 m,381 ms	, 1088 MB,173 MB
2024/10/16/[$LATEST]0acf4bf1820947d48222d61b77fa02e9,383.53 m,384 ms	, 1088 MB,173 MB
2024/10/16/[$LATEST]0acf4bf1820947d48222d61b77fa02e9,390.23 m,391 ms	, 1088 MB,173 MB
2024/10/16/[$LATEST]0acf4bf1820947d48222d61b77fa02e9,378.87 m,379 ms	, 1088 MB,173 MB
2024/10/16/[$LATEST]0acf4bf1820947d48222d61b77fa02e9,380.06 m,381 ms	, 1088 MB,173 MB
2024/10/16/[$LATEST]0acf4bf1820947d48222d61b77fa02e9,379.24 m,380 ms	, 1088 MB,173 MB
2024/10/16/[$LATEST]acaa80b5ca0c47cd9772d53a44e11adb,724.48 m,725 ms	, 1024 MB,162 MB
2024/10/16/[$LATEST]acaa80b5ca0c47cd9772d53a44e11adb,394.48 m,395 ms	, 1024 MB,173 MB
2024/10/16/[$LATEST]acaa80b5ca0c47cd9772d53a44e11adb,406.83 m,407 ms	, 1024 MB,173 MB
2024/10/16/[$LATEST]acaa80b5ca0c47cd9772d53a44e11adb,397.78 m,398 ms	, 1024 MB,173 MB
2024/10/16/[$LATEST]acaa80b5ca0c47cd9772d53a44e11adb,393.78 m,394 ms	, 1024 MB,173 MB
2024/10/16/[$LATEST]acaa80b5ca0c47cd9772d53a44e11adb,392.00 m,392 ms	, 1024 MB,173 MB
2024/10/16/[$LATEST]acaa80b5ca0c47cd9772d53a44e11adb,396.96 m,397 ms	, 1024 MB,173 MB
2024/10/16/[$LATEST]acaa80b5ca0c47cd9772d53a44e11adb,404.93 m,405 ms	, 1024 MB,173 MB
2024/10/16/[$LATEST]acaa80b5ca0c47cd9772d53a44e11adb,410.47 m,411 ms	, 1024 MB,173 MB
2024/10/16/[$LATEST]acaa80b5ca0c47cd9772d53a44e11adb,399.36 m,400 ms	, 1024 MB,173 MB
2024/10/16/[$LATEST]5deedab884ba45af8cc8fdc80d39e7c6,806.31 m,807 ms	, 960 MB	,163 MB
2024/10/16/[$LATEST]5deedab884ba45af8cc8fdc80d39e7c6,432.77 m,433 ms	, 960 MB	,173 MB
2024/10/16/[$LATEST]5deedab884ba45af8cc8fdc80d39e7c6,444.99 m,445 ms	, 960 MB	,173 MB
2024/10/16/[$LATEST]5deedab884ba45af8cc8fdc80d39e7c6,435.72 m,436 ms	, 960 MB	,173 MB
2024/10/16/[$LATEST]5deedab884ba45af8cc8fdc80d39e7c6,437.18 m,438 ms	, 960 MB	,173 MB
2024/10/16/[$LATEST]5deedab884ba45af8cc8fdc80d39e7c6,432.34 m,433 ms	, 960 MB	,173 MB
2024/10/16/[$LATEST]5deedab884ba45af8cc8fdc80d39e7c6,443.92 m,444 ms	, 960 MB	,173 MB
2024/10/16/[$LATEST]5deedab884ba45af8cc8fdc80d39e7c6,433.82 m,434 ms	, 960 MB	,173 MB
2024/10/16/[$LATEST]5deedab884ba45af8cc8fdc80d39e7c6,440.60 m,441 ms	, 960 MB	,173 MB
2024/10/16/[$LATEST]5deedab884ba45af8cc8fdc80d39e7c6,437.21 m,438 ms	, 960 MB	,173 MB
2024/10/16/[$LATEST]05c0fda30b244381b5bd5141ec2a81b4,844.49 m,845 ms	, 896 MB	,162 MB
2024/10/16/[$LATEST]05c0fda30b244381b5bd5141ec2a81b4,459.93 m,460 ms	, 896 MB	,173 MB
2024/10/16/[$LATEST]05c0fda30b244381b5bd5141ec2a81b4,462.72 m,463 ms	, 896 MB	,173 MB
2024/10/16/[$LATEST]05c0fda30b244381b5bd5141ec2a81b4,460.08 m,461 ms	, 896 MB	,173 MB
2024/10/16/[$LATEST]05c0fda30b244381b5bd5141ec2a81b4,454.45 m,455 ms	, 896 MB	,173 MB
2024/10/16/[$LATEST]05c0fda30b244381b5bd5141ec2a81b4,458.70 m,459 ms	, 896 MB	,173 MB
2024/10/16/[$LATEST]05c0fda30b244381b5bd5141ec2a81b4,458.12 m,459 ms	, 896 MB	,173 MB
2024/10/16/[$LATEST]05c0fda30b244381b5bd5141ec2a81b4,462.67 m,463 ms	, 896 MB	,173 MB
2024/10/16/[$LATEST]05c0fda30b244381b5bd5141ec2a81b4,468.15 m,469 ms	, 896 MB	,173 MB
2024/10/16/[$LATEST]05c0fda30b244381b5bd5141ec2a81b4,463.77 m,464 ms	, 896 MB	,173 MB
2024/10/16/[$LATEST]c61e072573124dd4a76d2f6a7bb1dc2f,930.77 m,931 ms	, 832 MB	,163 MB
2024/10/16/[$LATEST]c61e072573124dd4a76d2f6a7bb1dc2f,542.74 m,543 ms	, 832 MB	,173 MB
2024/10/16/[$LATEST]c61e072573124dd4a76d2f6a7bb1dc2f,523.54 m,524 ms	, 832 MB	,173 MB
2024/10/16/[$LATEST]c61e072573124dd4a76d2f6a7bb1dc2f,534.47 m,535 ms	, 832 MB	,173 MB
2024/10/16/[$LATEST]c61e072573124dd4a76d2f6a7bb1dc2f,533.84 m,534 ms	, 832 MB	,173 MB
2024/10/16/[$LATEST]c61e072573124dd4a76d2f6a7bb1dc2f,517.19 m,518 ms	, 832 MB	,173 MB
2024/10/16/[$LATEST]c61e072573124dd4a76d2f6a7bb1dc2f,497.93 m,498 ms	, 832 MB	,173 MB
2024/10/16/[$LATEST]c61e072573124dd4a76d2f6a7bb1dc2f,500.97 m,501 ms	, 832 MB	,173 MB
2024/10/16/[$LATEST]c61e072573124dd4a76d2f6a7bb1dc2f,511.25 m,512 ms	, 832 MB	,173 MB
2024/10/16/[$LATEST]c61e072573124dd4a76d2f6a7bb1dc2f,510.67 m,511 ms	, 832 MB	,173 MB
2024/10/16/[$LATEST]e2584e3a943b402999ef617b95403d67,1000.87 ,1001 ms	, 768 MB	,162 MB
2024/10/16/[$LATEST]e2584e3a943b402999ef617b95403d67,573.36 m,574 ms	, 768 MB	,173 MB
2024/10/16/[$LATEST]e2584e3a943b402999ef617b95403d67,540.08 m,541 ms	, 768 MB	,173 MB
2024/10/16/[$LATEST]e2584e3a943b402999ef617b95403d67,539.89 m,540 ms	, 768 MB	,173 MB
2024/10/16/[$LATEST]e2584e3a943b402999ef617b95403d67,550.22 m,551 ms	, 768 MB	,173 MB
2024/10/16/[$LATEST]e2584e3a943b402999ef617b95403d67,548.92 m,549 ms	, 768 MB	,173 MB
2024/10/16/[$LATEST]e2584e3a943b402999ef617b95403d67,548.13 m,549 ms	, 768 MB	,173 MB
2024/10/16/[$LATEST]e2584e3a943b402999ef617b95403d67,548.78 m,549 ms	, 768 MB	,173 MB
2024/10/16/[$LATEST]e2584e3a943b402999ef617b95403d67,542.36 m,543 ms	, 768 MB	,173 MB
2024/10/16/[$LATEST]e2584e3a943b402999ef617b95403d67,553.22 m,554 ms	, 768 MB	,173 MB
2024/10/16/[$LATEST]be6bd65d2745467e9dd453c2427ead27,1116.38 ,1117 ms	, 704 MB	,162 MB
2024/10/16/[$LATEST]be6bd65d2745467e9dd453c2427ead27,591.99 m,592 ms	, 704 MB	,173 MB
2024/10/16/[$LATEST]be6bd65d2745467e9dd453c2427ead27,609.29 m,610 ms	, 704 MB	,173 MB
2024/10/16/[$LATEST]be6bd65d2745467e9dd453c2427ead27,598.62 m,599 ms	, 704 MB	,173 MB
2024/10/16/[$LATEST]be6bd65d2745467e9dd453c2427ead27,596.10 m,597 ms	, 704 MB	,173 MB
2024/10/16/[$LATEST]be6bd65d2745467e9dd453c2427ead27,618.88 m,619 ms	, 704 MB	,173 MB
2024/10/16/[$LATEST]be6bd65d2745467e9dd453c2427ead27,599.52 m,600 ms	, 704 MB	,173 MB
2024/10/16/[$LATEST]be6bd65d2745467e9dd453c2427ead27,608.19 m,609 ms	, 704 MB	,173 MB
2024/10/16/[$LATEST]be6bd65d2745467e9dd453c2427ead27,608.08 m,609 ms	, 704 MB	,173 MB
2024/10/16/[$LATEST]be6bd65d2745467e9dd453c2427ead27,594.15 m,595 ms	, 704 MB	,173 MB
2024/10/16/[$LATEST]591c3405feb54626bf7057d8de822fca,1221.59 ,1222 ms	, 640 MB	,162 MB
2024/10/16/[$LATEST]591c3405feb54626bf7057d8de822fca,679.23 m,680 ms	, 640 MB	,173 MB
2024/10/16/[$LATEST]591c3405feb54626bf7057d8de822fca,698.10 m,699 ms	, 640 MB	,173 MB
2024/10/16/[$LATEST]591c3405feb54626bf7057d8de822fca,677.73 m,678 ms	, 640 MB	,173 MB
2024/10/16/[$LATEST]591c3405feb54626bf7057d8de822fca,675.19 m,676 ms	, 640 MB	,173 MB
2024/10/16/[$LATEST]591c3405feb54626bf7057d8de822fca,680.34 m,681 ms	, 640 MB	,173 MB
2024/10/16/[$LATEST]591c3405feb54626bf7057d8de822fca,688.81 m,689 ms	, 640 MB	,173 MB
2024/10/16/[$LATEST]591c3405feb54626bf7057d8de822fca,673.05 m,674 ms	, 640 MB	,173 MB
2024/10/16/[$LATEST]591c3405feb54626bf7057d8de822fca,672.54 m,673 ms	, 640 MB	,173 MB
2024/10/16/[$LATEST]591c3405feb54626bf7057d8de822fca,673.50 m,674 ms	, 640 MB	,173 MB
2024/10/16/[$LATEST]acbbe5829a55436bb65c360ecd8bd12a,1285.45 ,1286 ms	, 576 MB	,162 MB
2024/10/16/[$LATEST]acbbe5829a55436bb65c360ecd8bd12a,717.13 m,718 ms	, 576 MB	,173 MB
2024/10/16/[$LATEST]acbbe5829a55436bb65c360ecd8bd12a,722.65 m,723 ms	, 576 MB	,173 MB
2024/10/16/[$LATEST]acbbe5829a55436bb65c360ecd8bd12a,744.20 m,745 ms	, 576 MB	,173 MB
2024/10/16/[$LATEST]acbbe5829a55436bb65c360ecd8bd12a,721.32 m,722 ms	, 576 MB	,173 MB
2024/10/16/[$LATEST]acbbe5829a55436bb65c360ecd8bd12a,736.20 m,737 ms	, 576 MB	,173 MB
2024/10/16/[$LATEST]acbbe5829a55436bb65c360ecd8bd12a,721.92 m,722 ms	, 576 MB	,173 MB
2024/10/16/[$LATEST]acbbe5829a55436bb65c360ecd8bd12a,724.22 m,725 ms	, 576 MB	,173 MB
2024/10/16/[$LATEST]acbbe5829a55436bb65c360ecd8bd12a,713.48 m,714 ms	, 576 MB	,173 MB
2024/10/16/[$LATEST]acbbe5829a55436bb65c360ecd8bd12a,723.00 m,723 ms	, 576 MB	,173 MB
2024/10/16/[$LATEST]18307614b7624f61bd93927a0e6c4294,1492.98 ,1493 ms	, 512 MB	,162 MB
2024/10/16/[$LATEST]18307614b7624f61bd93927a0e6c4294,814.38 m,815 ms	, 512 MB	,173 MB
2024/10/16/[$LATEST]18307614b7624f61bd93927a0e6c4294,823.31 m,824 ms	, 512 MB	,173 MB
2024/10/16/[$LATEST]18307614b7624f61bd93927a0e6c4294,825.26 m,826 ms	, 512 MB	,173 MB
2024/10/16/[$LATEST]18307614b7624f61bd93927a0e6c4294,814.28 m,815 ms	, 512 MB	,173 MB
2024/10/16/[$LATEST]18307614b7624f61bd93927a0e6c4294,822.16 m,823 ms	, 512 MB	,173 MB
2024/10/16/[$LATEST]18307614b7624f61bd93927a0e6c4294,817.73 m,818 ms	, 512 MB	,173 MB
2024/10/16/[$LATEST]18307614b7624f61bd93927a0e6c4294,824.27 m,825 ms	, 512 MB	,173 MB
2024/10/16/[$LATEST]18307614b7624f61bd93927a0e6c4294,820.67 m,821 ms	, 512 MB	,173 MB
2024/10/16/[$LATEST]18307614b7624f61bd93927a0e6c4294,835.93 m,836 ms	, 512 MB	,173 MB
2024/10/16/[$LATEST]6c6a795e7cd84aeda8c1e737669ddb6b,1708.68 ,1709 ms	, 448 MB	,162 MB
2024/10/16/[$LATEST]6c6a795e7cd84aeda8c1e737669ddb6b,910.36 m,911 ms	, 448 MB	,173 MB
2024/10/16/[$LATEST]6c6a795e7cd84aeda8c1e737669ddb6b,935.50 m,936 ms	, 448 MB	,173 MB
2024/10/16/[$LATEST]6c6a795e7cd84aeda8c1e737669ddb6b,940.46 m,941 ms	, 448 MB	,173 MB
2024/10/16/[$LATEST]6c6a795e7cd84aeda8c1e737669ddb6b,945.22 m,946 ms	, 448 MB	,173 MB
2024/10/16/[$LATEST]6c6a795e7cd84aeda8c1e737669ddb6b,930.02 m,931 ms	, 448 MB	,173 MB
2024/10/16/[$LATEST]6c6a795e7cd84aeda8c1e737669ddb6b,929.05 m,930 ms	, 448 MB	,173 MB
2024/10/16/[$LATEST]6c6a795e7cd84aeda8c1e737669ddb6b,938.43 m,939 ms	, 448 MB	,173 MB
2024/10/16/[$LATEST]6c6a795e7cd84aeda8c1e737669ddb6b,940.60 m,941 ms	, 448 MB	,173 MB
2024/10/16/[$LATEST]6c6a795e7cd84aeda8c1e737669ddb6b,925.37 m,926 ms	, 448 MB	,173 MB
2024/10/16/[$LATEST]821ea2a5d60b413a85b9ffdb23907985,2184.23 ,2185 ms	, 384 MB	,162 MB
2024/10/16/[$LATEST]821ea2a5d60b413a85b9ffdb23907985,1120.30 ,1121 ms	, 384 MB	,173 MB
2024/10/16/[$LATEST]821ea2a5d60b413a85b9ffdb23907985,1119.30 ,1120 ms	, 384 MB	,173 MB
2024/10/16/[$LATEST]821ea2a5d60b413a85b9ffdb23907985,1143.90 ,1144 ms	, 384 MB	,173 MB
2024/10/16/[$LATEST]821ea2a5d60b413a85b9ffdb23907985,1113.87 ,1114 ms	, 384 MB	,173 MB
2024/10/16/[$LATEST]821ea2a5d60b413a85b9ffdb23907985,1124.13 ,1125 ms	, 384 MB	,173 MB
2024/10/16/[$LATEST]821ea2a5d60b413a85b9ffdb23907985,1105.74 ,1106 ms	, 384 MB	,173 MB
2024/10/16/[$LATEST]821ea2a5d60b413a85b9ffdb23907985,1109.89 ,1110 ms	, 384 MB	,173 MB
2024/10/16/[$LATEST]821ea2a5d60b413a85b9ffdb23907985,1114.01 ,1115 ms	, 384 MB	,173 MB
2024/10/16/[$LATEST]821ea2a5d60b413a85b9ffdb23907985,1127.78 ,1128 ms	, 384 MB	,173 MB
2024/10/16/[$LATEST]7272f98acf0a480c8f816cc04d933fe0,2428.66 ,2429 ms	, 320 MB	,162 MB
2024/10/16/[$LATEST]7272f98acf0a480c8f816cc04d933fe0,1308.24 ,1309 ms	, 320 MB	,173 MB
2024/10/16/[$LATEST]7272f98acf0a480c8f816cc04d933fe0,1308.98 ,1309 ms	, 320 MB	,173 MB
2024/10/16/[$LATEST]7272f98acf0a480c8f816cc04d933fe0,1324.14 ,1325 ms	, 320 MB	,173 MB
2024/10/16/[$LATEST]7272f98acf0a480c8f816cc04d933fe0,1309.28 ,1310 ms	, 320 MB	,173 MB
2024/10/16/[$LATEST]7272f98acf0a480c8f816cc04d933fe0,1310.21 ,1311 ms	, 320 MB	,173 MB
2024/10/16/[$LATEST]7272f98acf0a480c8f816cc04d933fe0,1318.51 ,1319 ms	, 320 MB	,173 MB
2024/10/16/[$LATEST]7272f98acf0a480c8f816cc04d933fe0,1344.53 ,1345 ms	, 320 MB	,173 MB
2024/10/16/[$LATEST]7272f98acf0a480c8f816cc04d933fe0,1343.83 ,1344 ms	, 320 MB	,173 MB
2024/10/16/[$LATEST]7272f98acf0a480c8f816cc04d933fe0,1300.53 ,1301 ms	, 320 MB	,173 MB
2024/10/16/[$LATEST]e0c8816369f84a6aaae352723faf8fb8,3179.11 ,3180 ms	, 256 MB	,162 MB
2024/10/16/[$LATEST]e0c8816369f84a6aaae352723faf8fb8,1679.33 ,1680 ms	, 256 MB	,173 MB
2024/10/16/[$LATEST]e0c8816369f84a6aaae352723faf8fb8,1749.79 ,1750 ms	, 256 MB	,173 MB
2024/10/16/[$LATEST]e0c8816369f84a6aaae352723faf8fb8,1718.49 ,1719 ms	, 256 MB	,173 MB
2024/10/16/[$LATEST]e0c8816369f84a6aaae352723faf8fb8,1714.40 ,1715 ms	, 256 MB	,173 MB
2024/10/16/[$LATEST]e0c8816369f84a6aaae352723faf8fb8,1732.40 ,1733 ms	, 256 MB	,173 MB
2024/10/16/[$LATEST]e0c8816369f84a6aaae352723faf8fb8,1735.24 ,1736 ms	, 256 MB	,173 MB
2024/10/16/[$LATEST]e0c8816369f84a6aaae352723faf8fb8,1731.09 ,1732 ms	, 256 MB	,173 MB
2024/10/16/[$LATEST]e0c8816369f84a6aaae352723faf8fb8,1734.53 ,1735 ms	, 256 MB	,173 MB
2024/10/16/[$LATEST]e0c8816369f84a6aaae352723faf8fb8,1737.57 ,1738 ms	, 256 MB	,173 MB
2024/10/16/[$LATEST]fe43e5e0afac40e6a1d5b82b1fd60b4c,4250.69 ,4251 ms	, 192 MB	,162 MB
2024/10/16/[$LATEST]fe43e5e0afac40e6a1d5b82b1fd60b4c,2299.73 ,2300 ms	, 192 MB	,173 MB
2024/10/16/[$LATEST]fe43e5e0afac40e6a1d5b82b1fd60b4c,2308.06 ,2309 ms	, 192 MB	,173 MB
2024/10/16/[$LATEST]fe43e5e0afac40e6a1d5b82b1fd60b4c,2305.34 ,2306 ms	, 192 MB	,173 MB
2024/10/16/[$LATEST]fe43e5e0afac40e6a1d5b82b1fd60b4c,2288.74 ,2289 ms	, 192 MB	,173 MB
2024/10/16/[$LATEST]fe43e5e0afac40e6a1d5b82b1fd60b4c,2304.19 ,2305 ms	, 192 MB	,173 MB
2024/10/16/[$LATEST]fe43e5e0afac40e6a1d5b82b1fd60b4c,2291.73 ,2292 ms	, 192 MB	,173 MB
2024/10/16/[$LATEST]fe43e5e0afac40e6a1d5b82b1fd60b4c,2301.72 ,2302 ms	, 192 MB	,173 MB
2024/10/16/[$LATEST]fe43e5e0afac40e6a1d5b82b1fd60b4c,2320.47 ,2321 ms	, 192 MB	,173 MB
2024/10/16/[$LATEST]fe43e5e0afac40e6a1d5b82b1fd60b4c,2312.43 ,2313 ms	, 192 MB	,173 MB
2024/10/16/[$LATEST]ea2d5c78d5f345248f1c6a8581827476,6191.99 ,6192 ms	, 128 MB	,126 MB
2024/10/16/[$LATEST]ea2d5c78d5f345248f1c6a8581827476,2645.30 ,2646 ms	, 128 MB	,126 MB
2024/10/16/[$LATEST]ea2d5c78d5f345248f1c6a8581827476,15057.00,15058 ms, 128 MB	,125 MB
2024/10/16/[$LATEST]ea2d5c78d5f345248f1c6a8581827476,2644.75 ,2645 ms	, 128 MB	,125 MB
2024/10/16/[$LATEST]ea2d5c78d5f345248f1c6a8581827476,15130.07,15131 ms, 128 MB	,125 MB
2024/10/16/[$LATEST]ea2d5c78d5f345248f1c6a8581827476,2733.19 ,2734 ms	, 128 MB	,125 MB
2024/10/16/[$LATEST]ea2d5c78d5f345248f1c6a8581827476,15114.38,15115 ms, 128 MB	,125 MB
2024/10/16/[$LATEST]ea2d5c78d5f345248f1c6a8581827476,2641.96 ,2642 ms	, 128 MB	,125 MB
2024/10/16/[$LATEST]ea2d5c78d5f345248f1c6a8581827476,15066.57,15067 ms, 128 MB	,125 MB
2024/10/16/[$LATEST]ea2d5c78d5f345248f1c6a8581827476,2681.09 ,2682 ms	, 128 MB	,125 MB

